date,symbol,action,price,qty,pnl,held_days
2025-08-19,ADANIENT.NS,BUY,2388.53,4,0.0,0
2025-08-19,TRENT.NS,BUY,5490.63,1,0.0,0
2025-08-19,MAXHEALTH.NS,BUY,1227.83,8,0.0,0
2025-08-19,BEL.NS,BUY,378.63,26,0.0,0
2025-08-19,BHARTIARTL.NS,BUY,1910.65,5,0.0,0
2025-08-19,TATASTEEL.NS,BUY,156.09,64,0.0,0
2025-08-19,COALINDIA.NS,BUY,365.51,27,0.0,0
2025-08-19,BAJFINANCE.NS,BUY,897.24,11,0.0,0
2025-08-19,TATACONSUM.NS,BUY,1077.23,9,0.0,0
2025-08-19,BAJAJ-AUTO.NS,BUY,8677.77,1,0.0,0
2025-08-26,BHARTIARTL.NS,SELL,1903.75,5,-39.3,5
2025-08-26,TATASTEEL.NS,SELL,151.82,64,-278.08,5
2025-08-26,BAJFINANCE.NS,SELL,870.46,11,-299.31,5
2025-08-26,BAJAJ-AUTO.NS,SELL,8566.59,1,-115.46,5
2025-08-26,TMPV.NS,BUY,676.38,16,0.0,0
2025-08-26,APOLLOHOSP.NS,BUY,7787.06,1,0.0,0
2025-08-26,NTPC.NS,BUY,324.79,34,0.0,0
2025-08-26,HDFCLIFE.NS,BUY,774.23,14,0.0,0
2025-09-03,ADANIENT.NS,SELL,2286.53,4,-412.55,10
2025-09-03,MAXHEALTH.NS,SELL,1159.36,8,-552.43,10
2025-09-03,BEL.NS,SELL,376.91,26,-49.67,10
2025-09-03,TATACONSUM.NS,SELL,1094.59,9,151.3,10
2025-09-03,TMPV.NS,SELL,686.01,16,148.64,5
2025-09-03,APOLLOHOSP.NS,SELL,7721.88,1,-69.04,5
2025-09-03,HDFCLIFE.NS,SELL,773.31,14,-18.34,5
2025-09-03,TATASTEEL.NS,BUY,164.54,62,0.0,0
2025-09-03,TCS.NS,BUY,2991.84,3,0.0,0
2025-09-03,SBIN.NS,BUY,798.17,12,0.0,0
2025-09-03,POWERGRID.NS,BUY,278.33,36,0.0,0
2025-09-03,AXISBANK.NS,BUY,1054.41,9,0.0,0
2025-09-03,KOTAKBANK.NS,BUY,392.24,26,0.0,0
2025-09-03,TECHM.NS,BUY,1455.49,7,0.0,0
2025-09-10,TRENT.NS,SELL,5182.75,1,-310.48,15
2025-09-10,COALINDIA.NS,SELL,376.4,27,288.68,15
2025-09-10,NTPC.NS,SELL,320.33,34,-157.3,10
2025-09-10,TATASTEEL.NS,SELL,165.92,62,80.59,5
2025-09-10,TCS.NS,SELL,3000.91,3,22.71,5
2025-09-10,POWERGRID.NS,SELL,275.04,36,-123.45,5
2025-09-10,AXISBANK.NS,SELL,1068.74,9,124.13,5
2025-09-10,KOTAKBANK.NS,SELL,394.46,26,52.76,5
2025-09-10,TECHM.NS,SELL,1471.2,7,104.79,5
2025-09-10,BAJFINANCE.NS,BUY,962.52,10,0.0,0
2025-09-10,LT.NS,BUY,3517.42,2,0.0,0
2025-09-10,HDFCLIFE.NS,BUY,775.23,12,0.0,0
2025-09-10,BHARTIARTL.NS,BUY,1892.35,5,0.0,0
2025-09-10,INFY.NS,BUY,1478.26,6,0.0,0
2025-09-10,ONGC.NS,BUY,221.11,44,0.0,0
2025-09-10,TMPV.NS,BUY,703.62,14,0.0,0
2025-09-10,BEL.NS,BUY,386.6,25,0.0,0
2025-09-10,WIPRO.NS,BUY,249.44,39,0.0,0
2025-09-17,SBIN.NS,SELL,841.55,12,515.55,10
2025-09-17,BAJFINANCE.NS,SELL,1000.84,10,378.26,5
2025-09-17,BHARTIARTL.NS,SELL,1940.33,5,235.07,5
2025-09-17,INFY.NS,SELL,1466.95,6,-72.24,5
2025-09-17,ONGC.NS,SELL,225.79,44,200.88,5
2025-09-17,TMPV.NS,SELL,712.88,14,124.64,5
2025-09-17,BEL.NS,SELL,410.25,25,586.1,5
2025-09-17,HCLTECH.NS,BUY,1432.5,7,0.0,0
2025-09-17,ADANIPORTS.NS,BUY,1400.9,7,0.0,0
2025-09-17,MAXHEALTH.NS,BUY,1152.33,9,0.0,0
2025-09-17,ADANIENT.NS,BUY,2402.13,4,0.0,0
2025-09-17,NTPC.NS,BUY,331.23,32,0.0,0
2025-09-17,TRENT.NS,BUY,5192.43,2,0.0,0
2025-09-17,EICHERMOT.NS,BUY,6893.95,1,0.0,0
2025-09-24,LT.NS,SELL,3636.44,2,234.41,10
2025-09-24,HDFCLIFE.NS,SELL,767.13,12,-101.74,10
2025-09-24,WIPRO.NS,SELL,238.32,39,-438.44,10
2025-09-24,HCLTECH.NS,SELL,1393.2,7,-279.96,5
2025-09-24,ADANIENT.NS,SELL,2617.32,4,855.54,5
2025-09-24,NTPC.NS,SELL,341.92,32,336.48,5
2025-09-24,EICHERMOT.NS,SELL,7007.99,1,110.55,5
2025-09-24,TECHM.NS,BUY,1401.64,7,0.0,0
2025-09-24,BEL.NS,BUY,393.97,25,0.0,0
2025-09-24,ICICIBANK.NS,BUY,1383.39,7,0.0,0
2025-09-24,SHRIRAMFIN.NS,BUY,618.18,16,0.0,0
2025-09-24,HDFCBANK.NS,BUY,936.04,10,0.0,0
2025-09-24,ITC.NS,BUY,382.54,26,0.0,0
2025-10-01,ADANIPORTS.NS,SELL,1416.02,7,100.9,10
2025-10-01,TECHM.NS,SELL,1365.15,7,-260.23,5
2025-10-01,BEL.NS,SELL,404.57,25,260.04,5
2025-10-01,SHRIRAMFIN.NS,SELL,640.82,16,357.21,5
2025-10-01,HDFCBANK.NS,SELL,949.07,10,125.52,5
2025-10-01,ITC.NS,SELL,386.54,26,99.01,5
2025-10-01,INDIGO.NS,BUY,5608.8,1,0.0,0
2025-10-01,POWERGRID.NS,BUY,273.08,37,0.0,0
2025-10-01,JIOFIN.NS,BUY,300.2,33,0.0,0
2025-10-01,SUNPHARMA.NS,BUY,1622.2,6,0.0,0
2025-10-01,HCLTECH.NS,BUY,1343.54,7,0.0,0
2025-10-01,DRREDDY.NS,BUY,1237.47,8,0.0,0
2025-10-03,ULTRACEMCO.NS,BUY,12025.01,1,0.0,0
2025-10-09,MAXHEALTH.NS,SELL,1153.17,9,2.4,15
2025-10-09,TRENT.NS,SELL,4651.7,2,-1086.11,15
2025-10-09,ICICIBANK.NS,SELL,1375.51,7,-59.97,10
2025-10-09,JIOFIN.NS,SELL,307.2,33,225.81,5
2025-10-09,SUNPHARMA.NS,SELL,1642.67,6,117.87,5
2025-10-09,HCLTECH.NS,SELL,1435.9,7,641.46,5
2025-10-09,DRREDDY.NS,SELL,1237.63,8,-3.72,5
2025-10-09,ULTRACEMCO.NS,SELL,12185.9,1,154.8,4
2025-10-09,GRASIM.NS,BUY,2812.01,3,0.0,0
2025-10-09,NTPC.NS,BUY,330.69,32,0.0,0
2025-10-09,HDFCLIFE.NS,BUY,752.05,14,0.0,0
2025-10-09,MAXHEALTH.NS,BUY,1154.33,9,0.0,0
2025-10-09,SBILIFE.NS,BUY,1808.19,5,0.0,0
2025-10-09,BHARTIARTL.NS,BUY,1942.97,5,0.0,0
2025-10-09,APOLLOHOSP.NS,BUY,7688.64,1,0.0,0
2025-10-09,HDFCBANK.NS,BUY,961.68,11,0.0,0
2025-10-16,INDIGO.NS,SELL,5878.06,1,266.32,10
2025-10-16,NTPC.NS,SELL,335.92,32,161.89,5
2025-10-16,SBILIFE.NS,SELL,1832.24,5,115.64,5
2025-10-16,BHARTIARTL.NS,SELL,1966.42,5,112.31,5
2025-10-16,HDFCBANK.NS,SELL,977.68,11,170.62,5
2025-10-16,TMPV.NS,BUY,393.73,28,0.0,0
2025-10-16,HINDUNILVR.NS,BUY,2517.19,4,0.0,0
2025-10-16,TRENT.NS,BUY,4788.72,2,0.0,0
2025-10-16,COALINDIA.NS,BUY,372.64,29,0.0,0
2025-10-17,ULTRACEMCO.NS,BUY,12376.18,1,0.0,0
2025-10-24,POWERGRID.NS,SELL,280.44,37,267.05,15
2025-10-24,GRASIM.NS,SELL,2839.88,3,79.36,10
2025-10-24,HDFCLIFE.NS,SELL,731.97,14,-286.15,10
2025-10-24,APOLLOHOSP.NS,SELL,7823.2,1,130.64,10
2025-10-24,ETERNAL.NS,BUY,326.76,29,0.0,0
2025-10-24,ICICIBANK.NS,BUY,1378.39,6,0.0,0
2025-10-24,ASIANPAINT.NS,BUY,2477.46,3,0.0,0
2025-10-24,TECHM.NS,BUY,1417.59,6,0.0,0
2025-10-31,MAXHEALTH.NS,SELL,1145.19,9,-87.37,15
2025-10-31,HINDUNILVR.NS,SELL,2420.43,4,-391.88,10
2025-10-31,TRENT.NS,SELL,4685.03,2,-212.07,10
2025-10-31,ASIANPAINT.NS,SELL,2484.08,3,16.15,5
2025-10-31,MAXHEALTH.NS,BUY,1146.34,9,0.0,0
2025-10-31,DRREDDY.NS,BUY,1190.65,8,0.0,0
2025-10-31,INDIGO.NS,BUY,5627.81,1,0.0,0
2025-10-31,WIPRO.NS,BUY,234.73,44,0.0,0
2025-11-10,TMPV.NS,SELL,406.87,28,362.15,15
2025-11-10,COALINDIA.NS,SELL,376.19,29,97.46,15
2025-11-10,ETERNAL.NS,SELL,301.3,29,-742.83,10
2025-11-10,ICICIBANK.NS,SELL,1347.33,6,-190.42,10
2025-11-10,TECHM.NS,SELL,1361.71,6,-339.33,10
2025-11-10,MAXHEALTH.NS,SELL,1095.5,9,-462.42,5
2025-11-10,DRREDDY.NS,SELL,1190.55,8,-5.54,5
2025-11-10,INDIGO.NS,SELL,5585.71,1,-44.9,5
2025-11-10,WIPRO.NS,SELL,233.69,44,-51.05,5
2025-11-10,TMPV.NS,BUY,407.28,24,0.0,0
2025-11-10,COALINDIA.NS,BUY,376.56,25,0.0,0
2025-11-10,TCS.NS,BUY,2932.91,3,0.0,0
2025-11-10,TRENT.NS,BUY,4279.52,2,0.0,0
2025-11-10,APOLLOHOSP.NS,BUY,7523.28,1,0.0,0
2025-11-10,BAJAJ-AUTO.NS,BUY,8654.59,1,0.0,0
2025-11-10,NTPC.NS,BUY,323.17,30,0.0,0
2025-11-10,ITC.NS,BUY,386.88,25,0.0,0
2025-11-10,HINDALCO.NS,BUY,781.52,12,0.0,0
2025-11-11,ULTRACEMCO.NS,SELL,11819.09,1,-563.01,15
2025-11-11,ULTRACEMCO.NS,BUY,11830.91,1,0.0,0
2025-11-17,TMPV.NS,SELL,369.45,24,-912.3,5
2025-11-17,COALINDIA.NS,SELL,382.6,25,146.11,5
2025-11-17,APOLLOHOSP.NS,SELL,7473.83,1,-53.18,5
2025-11-17,NTPC.NS,SELL,327.56,30,126.76,5
2025-11-17,HINDALCO.NS,SELL,802.56,12,247.71,5
2025-11-17,INFY.NS,BUY,1476.41,7,0.0,0
2025-11-17,TATASTEEL.NS,BUY,169.76,61,0.0,0
2025-11-17,EICHERMOT.NS,BUY,6802.4,1,0.0,0
2025-11-17,BAJAJFINSV.NS,BUY,2078.87,4,0.0,0
2025-11-17,TECHM.NS,BUY,1416.71,7,0.0,0
2025-11-24,TCS.NS,SELL,3042.32,3,323.69,10
2025-11-24,ITC.NS,SELL,384.59,25,-62.13,10
2025-11-24,INFY.NS,SELL,1514.45,7,261.04,5
2025-11-24,TATASTEEL.NS,SELL,161.94,61,-481.84,5
2025-11-24,EICHERMOT.NS,SELL,7254.87,1,448.84,5
2025-11-24,BAJAJFINSV.NS,SELL,2028.05,4,-207.3,5
2025-11-24,TECHM.NS,SELL,1456.11,7,270.72,5
2025-11-24,HDFCLIFE.NS,BUY,759.32,13,0.0,0
2025-11-24,ICICIBANK.NS,BUY,1369.08,7,0.0,0
2025-11-24,KOTAKBANK.NS,BUY,417.67,24,0.0,0
2025-11-24,TMPV.NS,BUY,355.53,28,0.0,0
2025-11-24,SBIN.NS,BUY,953.89,10,0.0,0
2025-11-24,ASIANPAINT.NS,BUY,2855.86,3,0.0,0
2025-11-24,SBILIFE.NS,BUY,2013.01,5,0.0,0
2025-12-01,TRENT.NS,SELL,4207.57,2,-148.1,15
2025-12-01,BAJAJ-AUTO.NS,SELL,8965.28,1,306.21,15
2025-12-01,HDFCLIFE.NS,SELL,763.64,13,51.2,5
2025-12-01,KOTAKBANK.NS,SELL,429.31,24,274.12,5
2025-12-01,TMPV.NS,SELL,360.63,28,137.66,5
2025-12-01,SBIN.NS,SELL,955.39,10,10.23,5
2025-12-01,SBILIFE.NS,SELL,1967.88,5,-230.57,5
2025-12-01,BAJAJ-AUTO.NS,BUY,8974.25,1,0.0,0
2025-12-01,SUNPHARMA.NS,BUY,1791.94,5,0.0,0
2025-12-01,TRENT.NS,BUY,4211.78,2,0.0,0
2025-12-01,TCS.NS,BUY,3037.8,3,0.0,0
2025-12-01,WIPRO.NS,BUY,244.1,41,0.0,0
2025-12-01,RELIANCE.NS,BUY,1559.67,6,0.0,0
2025-12-01,INFY.NS,BUY,1531.64,6,0.0,0
2025-12-02,ULTRACEMCO.NS,SELL,11660.17,1,-176.58,15
2025-12-02,ULTRACEMCO.NS,BUY,11671.83,1,0.0,0
2025-12-08,BAJAJ-AUTO.NS,SELL,8896.29,1,-82.41,5
2025-12-08,SUNPHARMA.NS,SELL,1779.05,5,-68.87,5
2025-12-08,WIPRO.NS,SELL,254.67,41,428.2,5
2025-12-08,INFY.NS,SELL,1575.89,6,260.8,5
2025-12-08,SBIN.NS,BUY,939.94,11,0.0,0
2025-12-08,SHRIRAMFIN.NS,BUY,829.97,13,0.0,0
2025-12-08,HDFCBANK.NS,BUY,987.27,11,0.0,0
2025-12-15,ICICIBANK.NS,SELL,1364.52,7,-36.74,15
2025-12-15,ASIANPAINT.NS,SELL,2754.91,3,-306.99,15
2025-12-15,TCS.NS,SELL,3128.52,3,267.46,10
2025-12-15,RELIANCE.NS,SELL,1548.26,6,-73.1,10
2025-12-15,SBIN.NS,SELL,949.65,11,101.62,5
2025-12-15,ASIANPAINT.NS,BUY,2757.66,3,0.0,0
2025-12-15,WIPRO.NS,BUY,255.28,38,0.0,0
2025-12-15,KOTAKBANK.NS,BUY,436.48,22,0.0,0
2025-12-15,ICICIBANK.NS,BUY,1365.88,7,0.0,0
2025-12-15,LT.NS,BUY,4054.74,2,0.0,0
2025-12-22,TRENT.NS,SELL,4198.49,2,-30.78,15
2025-12-22,SHRIRAMFIN.NS,SELL,929.13,13,1282.97,10
2025-12-22,ASIANPAINT.NS,SELL,2782.06,3,69.01,5
2025-12-22,WIPRO.NS,SELL,265.67,38,389.94,5
2025-12-22,LT.NS,SELL,4030.99,2,-51.53,5
2025-12-22,BAJAJ-AUTO.NS,BUY,9041.34,1,0.0,0
2025-12-22,TCS.NS,BUY,3223.46,3,0.0,0
2025-12-22,GRASIM.NS,BUY,2811.1,3,0.0,0
2025-12-22,TMPV.NS,BUY,356.37,28,0.0,0
2025-12-22,MAXHEALTH.NS,BUY,1076.23,9,0.0,0
2025-12-23,ULTRACEMCO.NS,SELL,11672.16,1,-5.51,15
2025-12-23,ULTRACEMCO.NS,BUY,11683.84,1,0.0,0
2025-12-30,HDFCBANK.NS,SELL,974.29,11,-148.16,15
2025-12-30,KOTAKBANK.NS,SELL,430.32,22,-140.11,10
2025-12-30,MAXHEALTH.NS,SELL,1038.43,9,-344.8,5
2025-12-30,COALINDIA.NS,BUY,393.0,27,0.0,0
2025-12-30,TRENT.NS,BUY,4203.59,2,0.0,0
2025-12-30,HDFCBANK.NS,BUY,975.27,11,0.0,0
2025-12-30,TECHM.NS,BUY,1564.74,6,0.0,0
2026-01-06,ICICIBANK.NS,SELL,1410.49,7,307.35,15
2026-01-06,BAJAJ-AUTO.NS,SELL,9522.16,1,476.06,10
2026-01-06,TCS.NS,SELL,3153.32,3,-215.17,10
2026-01-06,GRASIM.NS,SELL,2863.87,3,153.99,10
2026-01-06,ULTRACEMCO.NS,SELL,12197.9,1,507.96,9
2026-01-06,COALINDIA.NS,SELL,421.27,27,757.44,5
2026-01-06,TECHM.NS,SELL,1560.45,6,-30.43,5
2026-01-06,INDIGO.NS,BUY,5005.0,2,0.0,0
2026-01-06,ITC.NS,BUY,326.69,32,0.0,0
2026-01-06,ETERNAL.NS,BUY,279.19,38,0.0,0
2026-01-06,BHARTIARTL.NS,BUY,2106.35,5,0.0,0
2026-01-06,CIPLA.NS,BUY,1517.33,7,0.0,0
2026-01-06,ONGC.NS,BUY,236.45,44,0.0,0
2026-01-06,POWERGRID.NS,BUY,265.7,39,0.0,0
2026-01-13,TMPV.NS,SELL,346.7,28,-275.73,15
2026-01-13,HDFCBANK.NS,SELL,921.64,11,-594.97,10
2026-01-13,ITC.NS,SELL,318.98,32,-251.9,5
2026-01-13,ETERNAL.NS,SELL,294.4,38,572.51,5
2026-01-13,BHARTIARTL.NS,SELL,2025.89,5,-407.4,5
2026-01-13,CIPLA.NS,SELL,1434.12,7,-587.48,5
2026-01-13,ONGC.NS,SELL,238.06,44,65.57,5
2026-01-13,SHRIRAMFIN.NS,BUY,974.03,10,0.0,0
2026-01-13,HINDALCO.NS,BUY,931.91,11,0.0,0
2026-01-13,RELIANCE.NS,BUY,1446.84,7,0.0,0
2026-01-13,COALINDIA.NS,BUY,423.52,24,0.0,0
2026-01-13,TECHM.NS,BUY,1574.69,6,0.0,0
2026-01-13,TATASTEEL.NS,BUY,178.97,58,0.0,0
2026-01-13,LT.NS,BUY,3851.72,2,0.0,0
2026-01-20,TRENT.NS,SELL,2552.35,2,-3305.04,15
2026-01-20,INDIGO.NS,SELL,4787.61,2,-439.58,10
2026-01-20,POWERGRID.NS,SELL,251.1,39,-574.2,10
2026-01-20,RELIANCE.NS,SELL,1386.89,7,-424.48,5
2026-01-20,TECHM.NS,SELL,1635.17,6,357.98,5
2026-01-20,LT.NS,SELL,3771.75,2,-163.71,5
2026-01-20,TRENT.NS,BUY,2554.9,3,0.0,0
2026-01-20,JIOFIN.NS,BUY,265.63,35,0.0,0
2026-01-20,WIPRO.NS,BUY,233.98,40,0.0,0
2026-01-20,M&M.NS,BUY,3522.29,2,0.0,0
2026-01-20,ONGC.NS,BUY,234.98,40,0.0,0
2026-01-20,NTPC.NS,BUY,336.38,28,0.0,0
2026-01-28,SHRIRAMFIN.NS,SELL,1012.56,10,380.27,10
2026-01-28,HINDALCO.NS,SELL,992.52,11,661.32,10
2026-01-28,JIOFIN.NS,SELL,255.07,35,-374.08,5
2026-01-28,WIPRO.NS,SELL,237.23,40,125.34,5
2026-01-28,SBIN.NS,BUY,1045.19,10,0.0,0
2026-01-28,TATACONSUM.NS,BUY,1122.86,9,0.0,0
2026-01-28,INDIGO.NS,BUY,4751.37,2,0.0,0
2026-01-28,HINDUNILVR.NS,BUY,2355.63,4,0.0,0
2026-02-04,COALINDIA.NS,SELL,429.01,24,126.74,15
2026-02-04,TATASTEEL.NS,SELL,191.36,58,712.81,15
2026-02-04,TRENT.NS,SELL,2669.78,3,340.64,10
2026-02-04,ONGC.NS,SELL,260.68,40,1022.85,10
2026-02-04,NTPC.NS,SELL,364.32,28,777.11,10
2026-02-04,TATACONSUM.NS,SELL,1142.75,9,173.86,5
2026-02-04,INDIGO.NS,SELL,4958.22,2,408.73,5
2026-02-04,HINDUNILVR.NS,SELL,2345.95,4,-43.4,5
2026-02-04,TECHM.NS,BUY,1604.43,6,0.0,0
2026-02-04,TATASTEEL.NS,BUY,191.55,54,0.0,0
2026-02-04,SHRIRAMFIN.NS,BUY,993.68,10,0.0,0
2026-02-04,COALINDIA.NS,BUY,429.44,24,0.0,0
2026-02-04,AXISBANK.NS,BUY,1338.34,7,0.0,0
2026-02-04,HINDALCO.NS,BUY,960.42,10,0.0,0
2026-02-04,BAJFINANCE.NS,BUY,957.89,10,0.0,0
2026-02-04,SBILIFE.NS,BUY,2039.89,5,0.0,0
2026-02-11,M&M.NS,SELL,3634.89,2,221.57,15
2026-02-11,SBIN.NS,SELL,1161.37,10,1156.02,10
2026-02-11,BAJFINANCE.NS,SELL,962.55,10,41.74,5
2026-02-11,ONGC.NS,BUY,268.42,41,0.0,0
2026-02-11,BEL.NS,BUY,435.91,25,0.0,0
2026-02-11,TCS.NS,BUY,2872.31,3,0.0,0
2026-02-18,TECHM.NS,SELL,1465.95,6,-835.26,10
2026-02-18,SHRIRAMFIN.NS,SELL,1069.61,10,753.98,10
2026-02-18,COALINDIA.NS,SELL,417.79,24,-284.6,10
2026-02-18,AXISBANK.NS,SELL,1375.25,7,253.58,10
2026-02-18,HINDALCO.NS,SELL,894.14,10,-667.33,10
2026-02-18,BEL.NS,SELL,445.58,25,236.09,5
2026-02-18,TCS.NS,SELL,2657.52,3,-648.36,5
2026-02-18,ETERNAL.NS,BUY,277.49,36,0.0,0
2026-02-18,INDIGO.NS,BUY,4982.89,2,0.0,0
2026-02-18,WIPRO.NS,BUY,212.06,47,0.0,0
2026-02-18,POWERGRID.NS,BUY,300.7,33,0.0,0
2026-02-18,M&M.NS,BUY,3495.56,2,0.0,0
2026-02-18,BHARTIARTL.NS,BUY,2022.81,4,0.0,0
2026-02-18,DRREDDY.NS,BUY,1272.87,7,0.0,0
2026-02-25,TATASTEEL.NS,SELL,210.2,54,1001.44,15
2026-02-25,SBILIFE.NS,SELL,2069.69,5,143.83,15
2026-02-25,ONGC.NS,SELL,277.31,41,358.82,10
2026-02-25,INDIGO.NS,SELL,4944.93,2,-80.87,5
2026-02-25,WIPRO.NS,SELL,201.82,47,-485.88,5
2026-02-25,POWERGRID.NS,SELL,307.1,33,206.0,5
2026-02-25,M&M.NS,SELL,3453.29,2,-87.99,5
2026-02-25,BHARTIARTL.NS,SELL,1912.44,4,-445.3,5
2026-02-25,DRREDDY.NS,SELL,1297.62,7,168.71,5
2026-02-25,SBIN.NS,BUY,1179.44,8,0.0,0
2026-02-25,TECHM.NS,BUY,1327.97,7,0.0,0
2026-02-25,TATASTEEL.NS,BUY,210.41,48,0.0,0
2026-02-25,TRENT.NS,BUY,2612.11,3,0.0,0
2026-02-25,SHRIRAMFIN.NS,BUY,1080.33,9,0.0,0
2026-02-25,ITC.NS,BUY,311.43,33,0.0,0
2026-02-25,EICHERMOT.NS,BUY,8012.0,1,0.0,0
2026-02-25,BAJFINANCE.NS,BUY,1015.32,10,0.0,0
2026-02-26,MARUTI.NS,BUY,15220.61,1,0.0,0
2026-03-05,SBIN.NS,SELL,1148.22,8,-254.37,5
2026-03-05,TATASTEEL.NS,SELL,196.42,48,-676.19,5
2026-03-05,SHRIRAMFIN.NS,SELL,1033.14,9,-429.41,5
2026-03-05,ITC.NS,SELL,303.09,33,-280.17,5
2026-03-05,BAJFINANCE.NS,SELL,956.04,10,-597.55,5
2026-03-05,LT.NS,BUY,4001.63,2,0.0,0
2026-03-05,HINDALCO.NS,BUY,950.47,10,0.0,0
2026-03-05,HDFCLIFE.NS,BUY,682.21,14,0.0,0
2026-03-05,HCLTECH.NS,BUY,1329.33,7,0.0,0
2026-03-05,ADANIPORTS.NS,BUY,1493.75,6,0.0,0
2026-03-12,ETERNAL.NS,SELL,221.06,36,-2035.43,15
2026-03-12,TECHM.NS,SELL,1314.95,7,-95.72,10
2026-03-12,HINDALCO.NS,SELL,964.23,10,132.84,5
2026-03-12,HDFCLIFE.NS,SELL,643.09,14,-552.26,5
2026-03-12,HCLTECH.NS,SELL,1331.92,7,13.5,5
2026-03-12,ETERNAL.NS,BUY,221.28,44,0.0,0
2026-03-12,SHRIRAMFIN.NS,BUY,1026.41,9,0.0,0
2026-03-12,TATASTEEL.NS,BUY,189.66,52,0.0,0
2026-03-12,M&M.NS,BUY,3001.2,3,0.0,0
2026-03-12,KOTAKBANK.NS,BUY,375.49,26,0.0,0
2026-03-19,TRENT.NS,SELL,2316.68,3,-889.77,15
2026-03-19,EICHERMOT.NS,SELL,6789.6,1,-1225.8,15
2026-03-19,MARUTI.NS,SELL,12592.7,1,-2634.2,14
2026-03-19,LT.NS,SELL,3399.58,2,-1207.51,10
2026-03-19,ETERNAL.NS,SELL,228.63,44,318.15,5
2026-03-19,M&M.NS,SELL,3012.24,3,28.62,5
2026-03-19,KOTAKBANK.NS,SELL,367.97,26,-200.35,5
2026-03-19,HINDALCO.NS,BUY,892.84,10,0.0,0
2026-03-19,TRENT.NS,BUY,2319.0,3,0.0,0
2026-03-19,JSWSTEEL.NS,BUY,1125.0,8,0.0,0
2026-03-19,TCS.NS,BUY,2325.64,3,0.0,0
2026-03-19,ITC.NS,BUY,290.24,31,0.0,0
2026-03-19,JIOFIN.NS,BUY,239.57,38,0.0,0
2026-03-19,BEL.NS,BUY,431.02,21,0.0,0
2026-03-27,ADANIPORTS.NS,SELL,1331.52,6,-977.4,15
2026-03-27,TATASTEEL.NS,SELL,189.22,52,-27.51,10
2026-03-27,HINDALCO.NS,SELL,861.77,10,-315.01,5
2026-03-27,JSWSTEEL.NS,SELL,1123.28,8,-18.26,5
2026-03-27,TCS.NS,SELL,2356.65,3,89.49,5
2026-03-27,ITC.NS,SELL,286.74,31,-112.97,5
2026-03-27,COALINDIA.NS,BUY,445.27,21,0.0,0
2026-03-27,BAJAJ-AUTO.NS,BUY,8781.86,1,0.0,0
2026-03-27,ADANIENT.NS,BUY,1823.1,5,0.0,0
2026-03-27,BAJAJFINSV.NS,BUY,1694.1,5,0.0,0
2026-03-27,TMPV.NS,BUY,300.86,31,0.0,0
2026-03-27,ADANIPORTS.NS,BUY,1332.85,7,0.0,0
2026-04-07,SHRIRAMFIN.NS,SELL,924.95,9,-917.28,15
2026-04-07,TRENT.NS,SELL,2543.63,3,670.08,10
2026-04-07,BEL.NS,SELL,427.59,21,-76.5,10
2026-04-07,ADANIENT.NS,SELL,1880.32,5,281.41,5
2026-04-07,TMPV.NS,SELL,306.01,31,154.95,5
2026-04-07,ADANIPORTS.NS,SELL,1374.52,7,286.84,5
2026-04-07,EICHERMOT.NS,BUY,6608.8,1,0.0,0
2026-04-07,DRREDDY.NS,BUY,1189.16,7,0.0,0
2026-04-07,TATASTEEL.NS,BUY,194.22,47,0.0,0
2026-04-07,ASIANPAINT.NS,BUY,2168.48,4,0.0,0
2026-04-07,JSWSTEEL.NS,BUY,1145.89,8,0.0,0
2026-04-07,CIPLA.NS,BUY,1191.82,7,0.0,0
2026-04-15,JIOFIN.NS,SELL,242.54,38,108.21,15
2026-04-15,BAJAJ-AUTO.NS,SELL,9723.23,1,936.51,10
2026-04-15,BAJAJFINSV.NS,SELL,1823.33,5,641.59,10
2026-04-15,EICHERMOT.NS,SELL,7124.44,1,512.07,5
2026-04-15,TATASTEEL.NS,SELL,204.4,47,473.5,5
2026-04-15,ASIANPAINT.NS,SELL,2401.06,4,925.51,5
2026-04-15,JSWSTEEL.NS,SELL,1211.03,8,516.28,5
2026-04-15,CIPLA.NS,SELL,1214.99,7,157.92,5
2026-04-15,MAXHEALTH.NS,BUY,988.79,9,0.0,0
2026-04-15,ADANIPORTS.NS,BUY,1506.21,6,0.0,0
2026-04-15,INFY.NS,BUY,1278.29,7,0.0,0
2026-04-15,POWERGRID.NS,BUY,312.61,30,0.0,0
2026-04-15,KOTAKBANK.NS,BUY,382.59,25,0.0,0
2026-04-15,SBILIFE.NS,BUY,1971.99,4,0.0,0
2026-04-15,SUNPHARMA.NS,BUY,1693.01,5,0.0,0
2026-04-15,HCLTECH.NS,BUY,1424.75,6,0.0,0
2026-04-22,COALINDIA.NS,SELL,443.93,21,-32.9,15
2026-04-22,MAXHEALTH.NS,SELL,1003.06,9,123.98,5
2026-04-22,ADANIPORTS.NS,SELL,1581.14,6,444.86,5
2026-04-22,POWERGRID.NS,SELL,319.59,30,204.72,5
2026-04-22,KOTAKBANK.NS,SELL,376.66,25,-152.95,5
2026-04-22,SUNPHARMA.NS,SELL,1664.6,5,-146.2,5
2026-04-22,HCLTECH.NS,SELL,1260.52,6,-989.13,5
2026-04-22,TCS.NS,BUY,2505.79,3,0.0,0
2026-04-22,HDFCLIFE.NS,BUY,602.21,16,0.0,0
2026-04-22,BHARTIARTL.NS,BUY,1829.91,5,0.0,0
2026-04-22,BAJAJ-AUTO.NS,BUY,9473.48,1,0.0,0
2026-04-22,TECHM.NS,BUY,1426.27,6,0.0,0
2026-04-22,ITC.NS,BUY,297.55,33,0.0,0
2026-04-23,MARUTI.NS,BUY,13166.58,1,0.0,0
2026-04-29,DRREDDY.NS,SELL,1320.76,7,916.6,15
2026-04-29,INFY.NS,SELL,1142.2,7,-956.64,10
2026-04-29,SBILIFE.NS,SELL,1815.29,4,-630.41,10
2026-04-29,HDFCLIFE.NS,SELL,591.99,16,-168.14,5
2026-04-29,BHARTIARTL.NS,SELL,1887.16,5,281.49,5
2026-04-29,TECHM.NS,SELL,1422.11,6,-29.19,5
2026-04-29,ITC.NS,SELL,307.71,33,330.28,5
2026-04-29,SHRIRAMFIN.NS,BUY,951.94,9,0.0,0
2026-04-29,ICICIBANK.NS,BUY,1281.64,7,0.0,0
2026-04-29,TRENT.NS,BUY,2816.11,3,0.0,0
2026-04-29,M&M.NS,BUY,3121.1,2,0.0,0
2026-04-29,ETERNAL.NS,BUY,254.16,36,0.0,0
2026-04-29,JIOFIN.NS,BUY,250.84,36,0.0,0
2026-04-29,ASIANPAINT.NS,BUY,2427.46,3,0.0,0
2026-05-06,TCS.NS,SELL,2401.62,3,-316.13,10
2026-05-06,BAJAJ-AUTO.NS,SELL,10170.71,1,692.14,10
2026-05-06,MARUTI.NS,SELL,13715.14,1,541.7,9
2026-05-06,ICICIBANK.NS,SELL,1278.86,7,-23.94,5
2026-05-06,M&M.NS,SELL,3264.86,2,284.26,5
2026-05-06,ASIANPAINT.NS,SELL,2496.08,3,202.12,5
2026-05-06,INFY.NS,BUY,1143.05,8,0.0,0
2026-05-06,KOTAKBANK.NS,BUY,376.79,26,0.0,0
2026-05-06,HCLTECH.NS,BUY,1189.69,8,0.0,0
2026-05-06,APOLLOHOSP.NS,BUY,7764.38,1,0.0,0
2026-05-06,ITC.NS,BUY,302.61,33,0.0,0
2026-05-06,NTPC.NS,BUY,395.05,25,0.0,0
2026-05-13,ETERNAL.NS,SELL,237.7,36,-596.69,10
2026-05-13,JIOFIN.NS,SELL,231.33,36,-706.2,10
2026-05-13,INFY.NS,SELL,1098.76,8,-358.69,5
2026-05-13,KOTAKBANK.NS,SELL,377.46,26,12.59,5
2026-05-13,HCLTECH.NS,SELL,1142.63,8,-381.1,5
2026-05-13,APOLLOHOSP.NS,SELL,8000.5,1,232.12,5
2026-05-13,ITC.NS,SELL,296.23,33,-215.55,5
2026-05-13,NTPC.NS,SELL,390.25,25,-124.69,5
2026-05-13,SBIN.NS,BUY,953.4,10,0.0,0
2026-05-13,ADANIENT.NS,BUY,2498.13,3,0.0,0
2026-05-13,DRREDDY.NS,BUY,1257.96,7,0.0,0
2026-05-13,TITAN.NS,BUY,4079.36,2,0.0,0
2026-05-13,CIPLA.NS,BUY,1315.92,7,0.0,0
2026-05-13,ADANIPORTS.NS,BUY,1731.37,5,0.0,0
2026-05-13,EICHERMOT.NS,BUY,6974.99,1,0.0,0
2026-05-13,LT.NS,BUY,3879.86,2,0.0,0
2026-05-20,SHRIRAMFIN.NS,SELL,917.8,9,-311.45,15
2026-05-20,TRENT.NS,SELL,2727.87,3,-268.83,15
2026-05-20,ADANIENT.NS,SELL,2702.24,3,608.27,5
2026-05-20,DRREDDY.NS,SELL,1312.91,7,380.11,5
2026-05-20,TITAN.NS,SELL,4090.92,2,19.04,5
2026-05-20,CIPLA.NS,SELL,1385.8,7,484.32,5
2026-05-20,LT.NS,SELL,3870.94,2,-21.72,5
2026-05-20,M&M.NS,BUY,3091.3,3,0.0,0
2026-05-20,BHARTIARTL.NS,BUY,1905.85,5,0.0,0
2026-05-20,TATASTEEL.NS,BUY,202.93,48,0.0,0
2026-05-20,SHRIRAMFIN.NS,BUY,918.71,10,0.0,0
2026-05-20,BEL.NS,BUY,413.51,23,0.0,0
2026-05-20,RELIANCE.NS,BUY,1354.12,7,0.0,0
2026-05-20,NTPC.NS,BUY,392.65,25,0.0,0
2026-05-27,SBIN.NS,SELL,967.32,10,134.33,10
2026-05-27,ADANIPORTS.NS,SELL,1815.93,5,418.27,10
2026-05-27,EICHERMOT.NS,SELL,7415.29,1,436.6,10
2026-05-27,TATASTEEL.NS,SELL,210.26,48,346.7,5
2026-05-27,SHRIRAMFIN.NS,SELL,957.3,10,381.1,5
2026-05-27,BEL.NS,SELL,418.89,23,119.01,5
2026-05-27,RELIANCE.NS,SELL,1343.61,7,-78.25,5
2026-05-27,NTPC.NS,SELL,397.95,25,127.64,5
2026-05-27,COALINDIA.NS,BUY,463.28,20,0.0,0
2026-05-27,ONGC.NS,BUY,274.19,35,0.0,0
2026-05-27,HDFCLIFE.NS,BUY,607.74,15,0.0,0
2026-05-27,MAXHEALTH.NS,BUY,992.18,9,0.0,0
2026-05-27,HDFCBANK.NS,BUY,746.68,12,0.0,0
2026-05-27,ITC.NS,BUY,292.1,33,0.0,0
2026-05-27,ETERNAL.NS,BUY,256.64,37,0.0,0
2026-05-27,SBILIFE.NS,BUY,1865.43,5,0.0,0
2026-06-03,M&M.NS,SELL,2978.32,3,-343.41,10
2026-06-03,BHARTIARTL.NS,SELL,1823.19,5,-417.88,10
2026-06-03,COALINDIA.NS,SELL,472.06,20,170.93,5
2026-06-03,ONGC.NS,SELL,267.62,35,-234.66,5
2026-06-03,HDFCLIFE.NS,SELL,572.07,15,-539.26,5
2026-06-03,MAXHEALTH.NS,SELL,963.36,9,-263.79,5
2026-06-03,HDFCBANK.NS,SELL,741.02,12,-72.4,5
2026-06-03,ITC.NS,SELL,276.86,33,-507.31,5
2026-06-03,SBILIFE.NS,SELL,1783.31,5,-415.08,5
2026-06-03,ICICIBANK.NS,BUY,1242.62,7,0.0,0
2026-06-03,EICHERMOT.NS,BUY,7133.56,1,0.0,0
2026-06-03,AXISBANK.NS,BUY,1254.86,7,0.0,0
2026-06-03,SUNPHARMA.NS,BUY,1784.72,5,0.0,0
2026-06-03,NTPC.NS,BUY,366.98,25,0.0,0
2026-06-03,CIPLA.NS,BUY,1363.1,6,0.0,0
2026-06-03,GRASIM.NS,BUY,3103.15,3,0.0,0
2026-06-04,ULTRACEMCO.NS,BUY,11002.5,1,0.0,0
2026-06-10,ICICIBANK.NS,SELL,1292.65,7,345.7,5
2026-06-10,EICHERMOT.NS,SELL,7215.89,1,78.72,5
2026-06-10,AXISBANK.NS,SELL,1312.83,7,401.2,5
2026-06-10,SUNPHARMA.NS,SELL,1780.84,5,-23.84,5
2026-06-10,CIPLA.NS,SELL,1376.31,6,75.14,5
2026-06-10,GRASIM.NS,SELL,3069.66,3,-105.06,5
2026-06-10,WIPRO.NS,BUY,179.02,51,0.0,0
2026-06-10,TMPV.NS,BUY,378.05,24,0.0,0
2026-06-10,HINDALCO.NS,BUY,1034.42,8,0.0,0
2026-06-10,TRENT.NS,BUY,2752.01,3,0.0,0
2026-06-10,LT.NS,BUY,3919.46,2,0.0,0
2026-06-10,TATASTEEL.NS,BUY,195.38,47,0.0,0
2026-06-17,ETERNAL.NS,SELL,258.27,37,55.63,15
2026-06-17,NTPC.NS,SELL,355.37,25,-294.72,10
2026-06-17,WIPRO.NS,SELL,184.38,51,268.57,5
2026-06-17,TRENT.NS,SELL,3101.25,3,1043.06,5
2026-06-17,LT.NS,SELL,4205.6,2,568.07,5
2026-06-17,TATASTEEL.NS,SELL,198.91,47,161.24,5
2026-06-17,TECHM.NS,BUY,1426.07,6,0.0,0
2026-06-17,ETERNAL.NS,BUY,258.53,37,0.0,0
2026-06-17,COALINDIA.NS,BUY,455.98,21,0.0,0
2026-06-17,ONGC.NS,BUY,245.12,39,0.0,0
2026-06-17,DRREDDY.NS,BUY,1261.63,7,0.0,0
2026-06-17,RELIANCE.NS,BUY,1333.37,7,0.0,0
2026-06-18,BAJAJ-AUTO.NS,BUY,10082.04,1,0.0,0
2026-06-23,ULTRACEMCO.NS,SELL (final),11301.35,1,293.2,13
2026-06-23,TMPV.NS,SELL (final),354.37,24,-572.61,9
2026-06-23,HINDALCO.NS,SELL (final),981.19,8,-429.81,9
2026-06-23,TECHM.NS,SELL (final),1379.05,6,-286.24,4
2026-06-23,ETERNAL.NS,SELL (final),258.82,37,5.99,4
2026-06-23,COALINDIA.NS,SELL (final),444.13,21,-253.51,4
2026-06-23,ONGC.NS,SELL (final),244.23,39,-39.65,4
2026-06-23,DRREDDY.NS,SELL (final),1292.45,7,211.21,4
2026-06-23,RELIANCE.NS,SELL (final),1308.85,7,-176.23,4
2026-06-23,BAJAJ-AUTO.NS,SELL (final),10019.99,1,-67.06,3
